8t7VTcR,9e4S190,1j2GQtE,4j0ZB6U,6a1W2eR,7u6NQsR
5d2HP8A,4o5EvaT,6d2US46,3h9SobF,2u9N8j7,4v1JIjQ
7v0Me14,8v1Lc45,2j3R8m5,0q8Ik48,7i8HEl5,5n6SguK
4o6NyfM,9n0BKcX,9z1Kl3J,2g3Z2xX,5y1ZI9V,3t6QLp9
6o0Tk31,7f7J97Y,8o8H3u3,4f5Sd10,5f5Zx4T,1v1Xk3L
9m6QemC,0z4WJ7O,8y0CJzC,5z0QDtY,3m4VXgI,2c4B0a1
2j0Z21E,3t7J0e8,2h5FpjS,6c9U87G,6w9E4jS,5n0J7cL
8d4HndQ,4z1Eb1K,8w5Vg32,1q0KPqQ,0a0J32V,4e9Hp6G
4x9NxxG,2o3EIg6,7h8WP10,5l1Bjy3,7m6MfdC,8s5PedI
3l8UsjC,5e9NCi4,0h8Du8M,0v2RBlS,5m1VBnF,5p9N9gO
7p7ZkbY,5l9CUnB,6s6Mr50,0q4Z7iJ,8e2Lb81,5r3Wup3
8g7D9a3,8r6XUvB,9f3Epc6,6i6QvsM,7e5TucP,1k0BdsL
9i7GJtA,3t4EH3M,7y2GsuL,9b3HahL,6o4DYaX,1e8JZoO
9u9A5w0,5n1PVbF,1q7M4fW,4f2Hs9M,8l3E4wT,8n3RztR
2d5MqcO,4y4SkoD,0o0Fc3Q,1y5SY7J,3b6Xz1G,3l0PW5Q
3v9YAs7,6c5N67Q,3o6Pyg4,8e1IV4G,9s2V74R,7h9DmzA
7v0WH1C,4b2WPeZ,1p5FmqK,9g6GVvP,3t3X2v6,7p7VOk7
0c6Bk7Q,9z2Un3U,7p0Jro0,0r4Oi8B,0m3I8sZ,7j2Hj53
8a7OAoC,3x8Cps0,3f1VMqG,5q0NCdD,1f4WCaD,4g7Ve3I
1m8ZqaB,1d1H6kQ,4h2EjtT,9l4JK7H,1u0SujC,9j6Tn4I
4q1Eq58,6x9X7gH,9u1NgfH,1s0AHiO,3b7IQ6P,2b7MxcQ
5f1SGkE,5a5Olz6,0b5Gv4N,7v2EV8L,1t5PU4D,0w2Iw4B
5a8A6uK,2v0OUtZ,3h8LdlX,7f5IalG,8s0GZiB,7p4AEzR
9w4CC3G,9l0IJcT,4f6EGz7,7l0SJwC,9x8Bf9V,0g9PK2F
7c3PEzF,0n3BLgI,7z7BH8S,8k5WQwF,8w9QyoS,0y9AHa8
6k0WI3U,5e8AfyI,4f5EKaG,2z0MCu0,0w9Rmn3,7x6SOk8
8x1InmA,5b2FykQ,9i2H9yR,8v9OhcU,7i0FgfF,5z6JaxW
6l1REfO,9y4JEzA,6k8HA1U,3o1RJ8H,7n2YXb3,7y3VhlW
7t9LgoX,1y8RGcF,3e4KY42,1l9Ql7T,7o7J698,5j8Zws6
8n3UK1N,1c0OPe5,6m2UB31,3g8RzjO,3q9ATxE,1r1G784
2h3BXxV,4r6Wh6H,0a4OWg9,3g2UzyJ,9n6Qc8X,8u0WJz5
5s7Q3uW,3j0Jrb7,0o6Y4p7,8r0Qfc5,9v6KAm5,8a2OMtU
5y3PebR,5x1WHb5,8w9GabT,0q2B0qM,1q3WpgL,1i8HelX
9g7FBe2,7j9LmsD,0o6P4wJ,0w0CPzV,9n4M1o9,8z1D4zH
1i5Bv2L,7c8K93S,5b6Q9g8,7y3T6mT,0x1OPtL,7b4THi9
7z0Rnk5,3q5Kyl0,7w4SI85,4q4NW9F,6l5MuaB,6d8EweY
9j5YhpN,1z0Cfc5,1j6HjbR,0i3YIrO,3d4YCsR,9n3Y864
9d8ShvA,5r2JrgN,4q0ZD7J,1s6Apg4,2o4EHqK,8v6WylP
4y4NjpL,5h9ZMg6,4w6Ylb9,7a9IKw1,3p1R5zN,1b6WVgS
7l5RYvJ,6l0Ui4U,2q0TAkO,4i4VehC,2w6WVhL,9z8Jmg5
2l8YY1N,7b9Nix2,7d9OJ2K,0t6BUt3,4e1ZZlK,0j8WtxM
9p8Tjy3,6k1Vcm5,0d6ZwwV,3w6QvmI,2a4MRrY,1w1XK83
1w8RsqL,7m1Ry72,0w8AWc2,7t1DthK,0i3Cqk0,6c9Uy5T
6x5Un4K,3b1BnzJ,4j7L7hF,2s5H69P,3e0T4s0,8u1Cr08
2s5CRwK,3q6IUiX,2c0Lgy2,3g1Em4O,5f8XycL,6e1Io7C
2t3Bm01,5d0SmpO,2d7QDj5,9w0Nk0X,4v0PR09,7t0LP4I
4h4BjwL,1o5Xn2G,7q0MI96,1y5Xo2B,9f1Emx8,9r1Ned4
6d7ZMlN,0l0ChjJ,3w1EwbR,7z6Tn3F,0d4A438,5j2Z7sX
2s8GNwX,5p3Pj2A,0k7L2zG,3k5VQjY,4c0ZijW,8j2Nv5L
5u8Esg1,3a1Es7D,7c3ICiC,9p8Pdc3,1y2WjdB,4m1X78D
4o7Us7V,5a3Bi0W,2l9YH89,6l7Bjb1,0o9Etr6,9p1J9a3
0x0STzP,8o2TBn7,1n4Z6h6,7z2VvkH,1f5KlaE,3k3EFvG
0u6J2lZ,8e1Z57Q,4q8VFoU,2g3PVlX,6s2K86D,9f3WXrP
1g1MHoP,3q8QPfM,1l4QBpG,7k6AHaL,9s8LVg3,5m9Ngo7
4f4TJrL,7m3YMtG,8m5PsiF,4v4LogE,3h1Jv3J,4f3EycV
1s1PlhZ,9i3BEcB,2a5ZcoQ,8z5QvwL,1s7O70Y,2p5WJrH
9u9Npw1,1m0Ysr8,2d0Rme6,8b4IpqA,3f9Rq7H,0r0Kd5W
4e8NijQ,0m3Nf1E,9x2Fh6A,3b0ScaF,5v8Juq6,2z1TBzP
3l5Uje9,1c9SKfK,9a9QI3R,8y6CF5W,4m5Yl7Y,7b8MTgL
5b6IftX,1x9MW79,2w3IflM,0p1CFhB,1h8E7zS,7x1O8tP
0g2FZrW,3m9QRk8,0e8CnvS,5t2JB2L,1n2SUe4,8z9Odl4
3w7RjeH,3q3GLjH,7t8WJkR,4z1Tsb1,6s0YkjT,7z9N43R
3c3MInC,2m3IM78,6s1B5rB,2h9V9nP,2a4BWyE,1c2S0e5
8j9YP4Q,9b4DHfK,2j0WU4M,3w3ZD90,0p5ImmY,7a3P9eH
7f5O52Q,3x8TToF,4z4N7pE,1s7U1dO,5p1GPt6,4w2BLa6
0l4G7tL,0q7HsoP,4r9L99B,6w7PR3G,3o6Ud0M,1r4Pt29
4x9W7oX,8r9Itl1,6g5Or1C,0n1RneK,4l1YyrJ,0f3W4hM
9c2Z41M,4q2Mj5A,9y6OP0C,1c7Zl7E,9b3Xbz6,9u7HytF
9y4HlyV,1b1GltX,9a2QExD,3d7OL9O,4q2FalI,9u9Rrp6
4t3H2b5,4m0KEt6,3e7EQaX,5b7VRpF,0d0IK6X,3p1ZkjD
3v2CKbJ,5y4XE9Q,9o1VHjG,2u1NPmI,3p9Bzi4,1v1Q4k6
2e4KVbF,8z5Jki0,5t6HV8Z,0f2LmfM,2a5Vfw3,2e2LhhH
1q9O0aF,3g8SqtI,3j7ZWmT,7q4LE5T,6c0Pp43,4x9Wa63
3t1WLjX,4k3Kvp9,3z1Xnm9,7v3TQm3,4k6I30L,4s3QdvG
4t4Z9eO,8m0Oqc3,1f5Sda3,0q7Gqj4,7d5Js4E,4g3Q14K
7d5ROx1,7z4Ojp9,5u8FQyQ,0h7EIaA,4k9ED8O,4e4UmqA
2z9CPrQ,1s0BZxT,3d0OYcZ,9e2PsuF,5r2NV8M,1j4O2oL
5v5NRhS,6o9HJjA,7y1NMm0,8f5PWx2,5v2RUlM,2o0GU1O
0t5U1g4,8o8E4lH,7t9J09S,8a5U1r0,4p4Kp9I,5h6Ox49
3q2KNmV,8h6KpvC,9v2GErN,7o0Xf5R,4y6ZvxP,4e0D1r6
2l0YicX,5k4Bze3,6m6Ec2D,0h3V4cK,8p3XGxJ,1j9Z5uB
3u4IaeA,8d3UVlK,5b9RJa7,6k2HNg9,2p7DKf6,2r3QliN
0d8Arz3,5k8FApX,6b8XklY,2i4B547,7w6WFo9,9m9C93G
3z0P0xI,2b7KwzS,7l4Eh6R,8l5PVhI,1h4VE81,7t2H0kF
6d7Yk2W,7b0D868,6t0SIuX,6w7TopJ,9y4TsaY,6r5D4oM
3h1YvfN,0p0MzcP,9h7PBj4,2n6U0n1,7o3G1aU,3a6S4vV
8l9Old4,7b6C70Q,4x6RTcI,4w9GtpW,5b0MOv8,8n7KBoG
0g4BxmY,3j0CaaL,6e6L6eD,3q9QXtH,0r1JZ84,0p6VIg3
8c0OdoZ,5b2ZCr9,1u6Cx9P,9a0PmaD,9v3P24I,2c3CNu3
5s3N6kG,9e7ZzbI,5j0Oxp4,6a3MI4P,8y3Owx3,0m3AxkA
8k6SitH,8g0RcfE,2c7BUwJ,0k1ZZ94,4x7WQh5,4h2Kup9
3t8YZwZ,7d1MByP,0l4NttH,0t1Jpr9,2k1UW87,9s3UDo9
7l9ORo4,2f2MXbW,7d3JxiB,2r2F1w3,8h2ZZlL,0m2QneC
2e5J3fM,2b3Sjl4,6q6R76H,7b9XJxE,8r6X1g9,4t8B7tN
3l8K31M,9b9C5xH,7h6Akx4,0g4HLkU,3w0VR8R,5p4LmdB
9u7ClbT,3r5RZ6R,3w7GccI,0s2SZiG,6l2LYw1,5k0CiqN
6p4U5iR,2x7ZXlQ,7q1Bj7K,1f0EQ9W,6q9UP0H,0f2GL2Y
9w3Pph2,4l5Wa50,3n7Z83R,4x4WM63,4w0Ax54,2i5YmkG
0y4Ro1T,5d0MQ7N,7w0Jf7F,6e2WI1L,7k2Cw9G,2b1IDoE
0s0UatZ,1z5PHoW,4e5DIbZ,6n7M0bH,4s5AzmV,5k7DJpO
9z1EPgN,8s6M2wW,0d0LziL,8m6NFg9,4q7SyrL,3x6FWgT
5n0SAzB,3e4PW9V,0h0WrdV,0c1Pnq9,2u2Ck5V,9k6MGrI
1y0YNk0,7p2SViL,3j4JYnN,3f0IB1R,4h9HOxT,9y7TLdW
3e6CB36,8t5JksN,7z3GKwS,8e3P5sL,3k1GUvP,9i8AisV
0g5Bhm3,2c7GBo1,4d5PAdP,5g4DFk3,8x3GG5W,1a9SV13
3f6YfkI,7x2LV0H,5q2VDl0,0o8Qp7D,1l0LCr5,7a8J8pA
6q0GmrS,1g8SHqN,3e3GirZ,2f1Egu2,4m6NsaI,8d5B21S
1f4Mub6,0m7DPy0,1w1J09F,9f4Oxw9,8w0SxzL,9p4AhqA
7g2CAeX,1k1Tzh9,6y0NK0Y,3m2Vc4L,9n1OPzW,2t6ENuT
9c0U1aK,8l4KaeF,9b1Ax05,0b0Jf5M,0o3JBbU,8r4Uii1
6u0CCzQ,6b0S41Q,7o4KGlS,5s6P06P,1l8Sca9,7k2GAoA
6c2D8qT,4i9Bqa6,1i5TwvI,1t2PmdW,1p8FdeE,6v6Y7fM
2c5Xar5,8u1DzgV,4h7IoxE,6o4OP6T,7o6Y2rA,5i2TYsP
9g9AR96,2x1Fpt3,0m6WI46,4p0Tt9V,5h2HDcG,4g4KgbV
0d9OvvY,5g8Ft13,5s6ChxI,0t8MTkM,6m7Y1uI,3d7WehM
3k3D4mL,7s5ActZ,0z0Gqy9,2z4UTcV,9j1TwkO,3x4RQvE
4o2DQrO,3b0Wei8,2o2IRlZ,1d3KK7Q,1f3Vzj5,7z4R54C
7x4WcuS,2m2Y5vN,7b1Lr0K,2i9YS5K,6j0BzlL,7g8JNeH
8m1ZNvM,4e1Dj3V,9v3TF69,1z1BJzQ,4e2Xi8I,3j0Kt9S
7v5C3lD,8a5LXt4,2c7JN5T,2c5FK21,5n1DfsG,2s3FC59
3f3XXbX,7q7GNs1,4n0RVeM,1x1Xk1M,1a3OOaJ,6c3EXz9
6z4Sws7,7n2KJ5C,6t3HRgK,7l6Mzd9,2j7QYsB,2n8Og83
1c7PsqE,5d6PwzB,6q7FR3R,3l9WEjY,2m1DDpV,1x5XTeD
2f1LJt7,2x6C2c4,4e2EI8X,0u8B5y2,5m7Lcm6,6t5QAr1
7w6Atc8,0z0Caz2,8z8KA58,9i4QEaH,4u9Yh22,3q3EokJ
1q0OZwS,2g6Zl61,1l3R942,2v6YY7U,9s8YbnM,8h6EK7Y
4c5BltF,7m8N9v4,4i9Yfw3,5e8UPaB,9y1BSpJ,8q6YOjR
7h0G14Z,9y9D09X,6c5QpgK,8w2QteV,5m8Bl6P,4b3HK3G
1r2AN97,6n2JsjK,5y7Qb9E,4d5NIdP,2u6Q9aT,0c8QbtI
7n0WTkS,8p6Oix8,4t9UauT,8b7Mx19,4z7GUeK,0h5Sq26
3o9PboF,7i7VXi3,5m1VfcW,5i2Pq37,4g3YNhA,7k5SHrY
3u2Usl6,4m4Dcj3,2a8FMv3,0i7AgyL,2b0DNnD,4r5EdmF
3q4LXi3,2g8Qf8S,5x6WW5L,8g3FLg9,6o2Pvt7,6m9DQtH
7v1We37,4h5OrbD,3v1RUv1,7y3HnnG,2p0YXqS,4c0WT3P
0e1W22M,5j4NhnT,1d8WkmT,8q7DrsC,0m8EIjN,5l6TFgK
7p0DqiV,3t6S142,8e2P005,3d5E49V,6g9GnoE,1k1Tum7
3t4Sgw8,8v0S1s8,6d0KjmN,5a1P5jO,9x4XO07,7p5ZDmT
5t5IVkX,5i4VU4Y,0y3DJqK,3t6NHsC,7l7E42C,0m4Bv2U
7v0QY6N,6o2CNrH,9d3IK65,1d2NjfG,2p5X41C,2d5W3g5
5l8SpqC,7k4NByX,3e8SefE,0z1EqyK,6m3JczU,7o6Ii1I
7o4PQ3E,0g1L3rN,5b7GMlQ,1v3J3qC,3g6MYy3,6s4XHwX
3y3XFoG,6f5M5f2,9z3Y7d7,7u2ZluQ,0n7XG4R,7m8Il9O
4o2TDr3,4z1Xlk1,9w4Ij4N,1x5Jj9P,5o8PetX,9u9GWjU
5c7Wsy5,0k3J8h5,0m0KE81,6o4Uf5U,3h2Sc3B,6q9LTyX
8l6H0jX,6e4Gir2,4r1RZtO,8o5J6y8,4f2SaiD,9g9Oys9
5j7WC8Q,9a9QM1C,5n6OGuT,2v8TPcT,4d1WgkQ,4v9WIsO
6a6LkfH,1y9WAyN,8d8L2iP,7w0LHdG,3z4JjdX,1l6Xe4F
6n4Ebx0,0f8ElyN,6a8TA8E,4s1ZVc4,4o8Hbx5,4d7SSr3
0u2FgvG,8d0P1fS,3y4EVuL,1v0MtmC,0v2BCf3,2m2UhaL
2d1T519,4v5Ca9C,1k5RaxK,9c1WPp8,2u8HplE,6x5Jbg6
6n9Hz1R,2l6Ex1W,8b2EA2R,4w8Ti7I,2e0NrhR,6i7NRyB
9v6CUv8,7q7ZRbN,6q9VwaW,1v8J2iS,4n9CXyD,8f3PGmA
6y5FuiX,3m4EwjR,3b6AA7U,6y6TFe3,8c6AKoX,3q1Kb05
5y7RBwR,9x5CSfH,2h6EEc6,4p3Rv6F,1a9Ke3B,4f1Iol3
7x3Jc1B,0f5AKz1,1z2Mv0J,5b5RiiJ,4w3DZ0W,6u1VWyH
4i7FvkO,5f0Qdm1,6k9H0pJ,0n4HnyI,8q9OxqQ,0w2RLqS
0m4ATbB,8l5QVoL,2y7NfqM,8w8OXyT,7q4VDaD,6z2LUv8
8u8Ncs7,3w2Fx6O,9q8Pv6K,1a4HQ3N,3l8SmrO,1e6YdqM
6o8OP10,4d6GTtD,6g9RX2U,9a8OdlY,9k3QevR,4e3AW3W
8w5E5aP,8n7Iq5G,5n1RgoF,8n1N4kT,9v7IboL,3z7MUzI
1l5GC68,0s4Bq5P,0z7U6fZ,2a6YxsT,2d6XzlA,8g4PO3L
5s2Bpu3,7i8Foa9,3k1LwzY,0f5BRh6,7n4LL1H,0s0Ue54
9a0OZ93,9o9Ewf7,9q0B0uE,3p5ASoO,3v3AV9O,5p0UFuQ
3z2I00U,9c6RetR,7g0G4d4,6w6WWyQ,6w3F8dZ,2u6LRsR
5f5NFlP,7d8Uu06,1j3BIk7,8j7WCuI,3z4LweN,1q9Lz1J
0o9NQnI,3x5Z2jK,1p6F3kN,6w9FMdY,4x5KSpI,0q8HIm1
4q6Fe3F,4l5CR4L,0g6E2j0,1f0Bf5X,8y7HayM,8j4Xo2B
2t3OXd0,2f9ZCzM,2m9Z9qN,9a3Ofl0,9q0EKaS,6m9YX1Z
7v1WrdH,7b6WbxU,5q2BHgB,8z7Dbc7,8e9LB8U,6e6Xy1F
6y4U9pS,9i0TE34,6i8NX7G,6v0OehX,1h5AQn6,2v3Sg7B
8c1BfiK,0t9A899,4z1MItC,0b9XruY,5p8QmgE,3y9Lj1U
7s4Po12,3d8Dd0F,1h5HUpQ,0a1Nu13,5j9FBmZ,2r3Ibo9
6j1MV01,8g2IC1W,6p4VMyU,4a9TO8A,1u8GuaF,8o8HRjS
8n1NPzS,7j7UX7H,9o2Ay8N,1m3Mvn4,2l8RjcV,9q9F0e5
0i3GIv8,8i1U8xY,8i9TKvL,2l0FZaD,4k1JkbP,4z1Ia2A
2o2QocS,3v5Yc0O,7e1AakP,4s7YOmU,8k1BHdX,6z2Mk58
8x6QKkH,9r9NajJ,3x2C6b9,0s1Cam7,7y2QunN,9r0Qa75
0p0MW6N,0p3KAkO,6h6SYq2,4u1RXsZ,0n6W5y1,0q2Zjo4
4p4FgzJ,1q2JPqV,3u7UQkP,8z2SE78,2q8J5lN,6p3Ar7S
3r4CNxF,3g8JNrN,9b4XZ76,4n3HLgV,2t0KzoD,6b3B8tT
1q7AqcX,4a1VodO,7c6U0dL,2y5Spi9,8t0XzvC,5o2Jq6E
4o4C5jJ,8j0SdyQ,6r0JVqZ,2r6QA6Y,5f8LB61,7t2HK2L
5h5HGv5,2e4U9dP,6o3MbrW,1w4CKeC,6j7An92,4r8Lq6K
0y0FOdO,1k0DD4P,7q5YFzC,0g2USpW,3g6Ld1G,7m0JR8M
0i2BhoI,9i4HJfM,5g8BvuC,9o4NdbA,8x5QPnT,1d3Ju4H
4u6RfjC,8f6MX8U,1x4SJ83,2t3Ali3,7y1SSoG,4e7Ya8X
8n0Wo8H,8l0HesP,0r3Kb5H,9w6QOrS,0k0R7j8,8d5FHqK
4z8I13J,6r2PnyG,4w3Ho5T,7k9DcjF,6w8Oz7F,9b0Qdo8
5o8OJpC,9j1J3bF,8e9Bs4K,1z2VA01,5m0XuhM,3h1GafT
3v4P9iM,6g2BRm1,9d2OssI,5u5FTvU,2a3JobS,7w7WqtJ
9s7CFbE,4m0QbtD,2x1YFs9,7t7SR0L,9k0Tl4T,5v5HkiS
3u3Bfm5,4o5Px8D,7s7OU7I,3l0SQb1,8a0G211,6z7RvmK
9v0Mc3V,3p0S0f1,2z2LbpC,1k3Ve8K,8f5ZC5T,0p5FWm0
2r9HAtC,7w7Sxw9,4q4SUn4,0v9ZqtR,4f9VUtB,5w9NF60
0q4DneH,3w5RTiD,1n3GXnU,1h9Mlc9,7w0Jnz1,2f0Y377
9u7HS8H,1f5Yk48,9l9SIoC,8c8OwxG,3l3Qs7X,6x6Uge4
9l9Ni4B,7h7N2m5,4q1IYxC,8z5QLt0,2m1XYxA,3f4W24J
7l8LTjA,1k7Xp9K,6g5Yzv4,8y5JvzR,7x6DR26,7v6Jz2B
2s7B2oP,5w2BgfT,4d5Vtt0,7f0WikF,1k4RuaC,4v7VdhM
4z7HQmH,2f7BrcR,2f0Pp4X,1r4MXt6,2d5Mi5V,8y6Gf61
8o6ZNqW,3z0WkoK,7d0Cx91,5u6MFb4,4l7SWvW,9f3TstS
6c0EH3H,5q7MPbX,3x9NO10,1s2KAiK,9y7XXuP,0l5SzwQ
1q1GebX,8z0Zc2U,9t6Ewe2,0u4SuvN,0y8TDiF,3x7KuaC
0b3PubY,2d9XHcD,5p9GXuQ,0e1Vi2C,0r7N0uW,8r0DAd3
2r8ITiY,9r8Njr9,8s4QL6Z,5w9L7jF,1q0BH1E,5t6FHtT
3n1GErG,8n0Kk20,0i0RBfJ,0f9WwrX,1n6HQiI,6t0KDgA
6n7A0d8,0k3Iwo4,1c2RG7C,3d1Pl8V,8w0UO5X,8p7EjzX
5s5J5k5,4n2Yeg9,0b4F8gQ,8p3Ru9H,5g7Ges6,9a9SiqX
5l2FT6M,6f4BrpO,6l7VxcU,3m9N7mI,5g8EKf1,2t7LS9G
1t8L3h9,7t9FRtX,2z4Lis1,9w1Tgk3,1a4QWiX,8b5Q4oL
7e2UQ4S,0r9BfnJ,7n1JMhZ,9v9Ex21,4t7HXrO,3l9ScfN
2s2PemW,0w8SU7J,8a8NqgF,0n2ScoE,1i1BHx5,7a2YurW
0g8Ax6K,0b6CFx9,7c9Ax6H,4u9VFpU,3x3Ja1J,8o9QxmH
7e8YwjK,2n4E2o3,8w1Pec8,4w4DLiF,0m6ZHoB,8x1BYxT
8b5KzwZ,5e8JQsL,0f3ElbN,0s3BMt0,5h5MQuK,0q8WZoR
2e7Cq7T,2n9Q23P,7c5DWa5,4o9T6pY,2a2GMr0,6k3CU59
7h2SHn3,9l3Q3fV,3e5BLpU,6c7VKpE,7p7Fv2A,7p3K96M
2i8Fkl8,2o8PymV,7f7BNdC,7y7Qi3V,4u6PRcU,9t4QK1X
3b3DsjU,5b6BrgA,9d6Gag3,3g9D8o0,8p5QzcD,0m1L4jS
7k2KflU,9b2DJjD,5c4Hvq2,3m3RVdW,4f4A5hN,6o0PWf8
5r0DecY,2z0EphW,6g7Z0tK,0u1Ny4R,6l4ZtvD,6y6Nfa3
7c5HXaC,9d7Vn7U,6h3OwdH,8k7ZPfZ,1y4LMfL,9g6LV8X
2w5Zu6O,7f5TwnI,3o8WKgG,1t9VU5O,4a0E6yH,5m0CsnZ
8l7Sm1L,7f9UqcE,2i3NjtC,0d9EBxJ,1f7MFxT,6p9Sx96
5z1LQqE,5y8PNoC,0t3K1t8,9w3Xm6W,3f1Rv3I,6u8XA75
3x7Qv57,3z8Tbw7,7f4BdaP,6l1YlkL,3w0Hvl9,9g9Sk14
2t4PE21,2h9OddH,4h1VBiR,3g1F16I,1y5NieE,6u9RF5V
0w0B5j0,9u0Upk7,8z0Wh1X,5n1DTv0,5h0RX8S,1u7Fm0G
0c7HM1E,5r1OFrU,5u1Cl0S,3y7L7rS,7o4JHzV,9q5OkmY
6b4IUhN,7z5D5cT,3c8OyxV,6p3OwyE,5b6ErhC,3r3RwuF
7a0EikU,5h4Xm07,6o5R44P,8f2HAa1,9b2Dy9J,9i3UpyM
1d4HEzU,9i1De8F,3x6LeyG,8s0E1nI,3t3PavR,9z3ZjcA
6c7Cop9,4d9YfzR,7m0G255,2o1M7xZ,2n2FWuM,9k3NLyN
8h0VS42,1n0JVbE,6e7MavE,5c8Uf8L,7w8IC7A,6y8GfhM
5r1IbxZ,1d8BAv6,4u4Uv6Y,6c1ZIlM,4v7DL7M,1h4IJmK
4o5YjdP,7p8RxgQ,1h1OPjY,3k4YMyI,8t1Ve0G,8y6Qw1W
2t3Dd08,7n2H1c9,9p4InxX,4o5ZkmB,3a3T36M,3u1Pf6K
9w9S62G,9y3O0k1,7q8TXaG,0m7Sz0P,4j2FBlH,6s8CazH
2m1FRt7,8g4Lq0C,2k9ZwgB,0a5EDiB,9f4KXg0,2o4TweB
1e5We8C,7u7ECzW,7q5QMeT,8x9RXdG,1n8O8rA,4v9VobS
7m7MsdM,5r7PD0F,7a1L21G,6s1PCz6,9e9Sn8U,4t4FOqA
6k4E4jM,0i3XHn8,4u5DJhK,7d1YygX,6k2FrjY,9w7VS1J
2l2XHsK,7r1CT9O,4h6Qv23,3p8NToZ,6d9Z18S,7v0LMyU
3i4FR2B,3g8WcoX,5b8LJvX,9e9E5sG,3u6S6aV,6o1BKcL
8u0UW28,4k8JveQ,9k2WJqR,3c8Q5o0,3b8EAzV,2j4YbsW
8t8TabZ,4j0Px5E,0c8SnkE,4p2C43T,7r3UbaS,6c2XKlT
3t8Qm50,5v0BzaP,7p7NMfM,9g8Oss0,0m2O9mT,6h2Ycu9
3p0Z4n8,8a6Hkk9,3v7LqaD,4l5Pbm7,1l4IGlC,2x1HB3Y
0l5VuaX,0o4OMwB,0l8PqgV,9y8ArlX,4g4X0cP,5w8WDoD
2k7GdiO,5d6RniI,6r7PXtF,3l6Ike2,2y2RIqF,2c2BFlA
4v1UW27,3n4UMpE,6h7NxhP,3g6Byd1,8d4R907,8b5UDiT
8y0GmzU,0r3AdlN,0q0US06,3d0TihD,0c6UqtC,3j8CUfD
5r7Q7oL,6i9L7yF,6r2NZj7,3b4E6lJ,0s1TqpO,2w2Hc2G
6h2GvnZ,1z4Q2bD,6w3QRxN,0d9P89L,3v2EggP,7d2SlfP
8i2YJ9K,3z0Cj1C,2t8Unh2,9t2S3vN,9w4Ers6,6h7UekL
3o9UYjN,8m3ZD9Z,0q5Iiy4,5s5NSxP,9j9W0tS,6l5PPdA
1h0AonZ,6k8BGwF,3z3EcmJ,1v6D7aP,6c4Fb3A,9b3KLbI
3d6V577,6l9ClgM,7k0IdoZ,1e7BGqI,3n4FiwF,2v1AksD
1z0Zv3R,4x3Qn6X,5a5A8vH,0f2IEr2,5f9Jv3R,4v0A5vT
2p1D03C,2l5KnyN,5j1XZtH,1b2WetK,0z2TswN,6i9Dlm5
0w4XDbZ,0g4Bu6N,2y2HS7M,4h4CH8E,6x2Lle4,1g7DEnG
9a9ZPk4,6y0TzlO,6y3TStT,3r9EB3B,2q0BNyB,8r1L9eA
8c2Y0zE,1s8DOo7,6w4QkaD,7f9I2iI,0q5MQcA,6w1Tsz5
9x5Q93N,4u4OM0H,4p5ZMwM,9t4XXz2,9d2G7xT,0c8SIyW
6i0SW42,0v1JQdZ,6f1Fi0L,1p2WXkU,0p0Tvi8,8c4TGsO
8y7FLmS,8k7LWb6,3w0TG8P,2l9Bf3J,3s6RQr2,5x0GumU
9a7UB3C,7l6X8cN,9n6Cz2V,2q0JdhP,5d9RPm4,2o0V2wU
5z9DSbK,0g4CFb1,6f3U290,2k7RDb0,5p7ECpO,9f6GPxR
7r5Vs9W,4a5WVrP,7h5VFhF,8n1EIl0,4a3A2gH,0m2Pf5S
1t0Ol24,2e8BUpZ,6z0EC11,0p0KmoD,3z3UKsR,9y5Wf7J
3j0Pu0L,0p8Wl4D,2b4L7qY,2k8XH8P,8y3KxzZ,6u0ZwfN
4c5TzvL,5j4VmuV,3a8MmlO,7t4GIlH,6x1TA9X,1v8Vh4B
1e4LinU,5a8Hsy8,1h7InnX,0p9RNnZ,9r4B27K,8r0YKg2
9p4Rad9,2r0WebA,7y2Orl6,3r9OOx4,6p9ARkK,8k1JY50
8o5NahW,5h9SNuE,2u1TvzI,7g4NFzT,7p3K1fS,3l2E1rO
9l1DH1D,6q8KU3F,3n9VKl5,5x5D2qR,3i5Wzs1,5y5YGiM
8s0YmxS,3g4CD89,9b9YLfC,3d2AwdD,6c2FOcA,0j2PYxF
3r6StnF,6b7ZqgG,1c2CKt6,4y2Q8b7,7u7HYb4,8h4XIb1
3e2CfdH,2v0Y20O,7u1MucC,2j9SGqE,5c4KV1S,0u6M8dW
2r9CZvE,5x5IrpW,9e8TWeW,5g6Od93,3q9HOeS,8z9TZnS
1b9MZd9,3v4Zyo3,8m0QSeN,7a3LBrL,7w5L3m4,6w5UjtC
3b2UMxI,2g4Thk1,8y4YX84,5y0Ej8J,3t9KXd5,2n0JJ01
7n4T9y8,7n4Q2b9,6y1UJ7Z,1h3UcjP,4b1J5yA,9a2P2sU
8s5X2qK,3a2MYzN,3m1JOxM,6k0SFgB,5b5Ugw0,5d2JDcZ
1x6LQaO,3f2ILk1,1y6HDqQ,9t3Wn3L,3z5Hmr0,9m8Ylu4
9b6LOwE,1m9Ce3V,1m0Zw0T,8j7YTv8,8q8UXo4,5j9TkxE
5n8V5eT,8g8IRiU,5s5Nn5X,4x2CNgN,5v5Rum9,7a6VHk4
2u2KwkS,9j3WD4O,9x9KqnZ,5m7KYgA,5c4ScpK,0i4YbfW
2e7IAf6,4a1PPnE,3e4U18L,2j4LQr7,8m3GoiV,5y9QPx0
8x9OJcU,2s9HZ16,1j2ZCp4,6j2A5oT,0l1KCrD,9h4Ttt3
6e6OnzP,0u8FdeJ,5k1Zw43,2c0CFw8,6w4G8yR,6e0VZcD
9l0L5eD,8r0ZxnK,6v8On2W,7m3HXwM,8d6GSpG,8v6Q1hD
0g3Ezp0,3z9Ne1V,8t1COzM,0n4Z7kF,1h3HYzL,4i2ACcU
1v7XdgC,6l6Lsg9,3j6H01J,7c0KWeO,1u3K2zJ,7o9MWbB
1p7R5wG,2k2Drt8,5n3KAuN,7s6P8vN,7f8B2i8,1l9JXxT
7s0ErxF,4b0QZaZ,0r3Aqk4,4l9Xvc9,2v7Z328,7n8Q8uH
8q4VuiI,4q2IcqL,7s5KwkG,6k2Dkr3,5v0I1nZ,6p0Ht0L
8a3F9qE,6y1Hsb6,5l9XZ93,6z0X5uF,3e0EFqC,4g5TXoM
8g9M87J,1m3YPoA,0u3A579,6i8XN5E,8c4DHe0,5z7UpeY
6g8KsrY,4z1LHcR,3h4UOnQ,0n1HaaS,0i7IjfI,2o9VyhW
0m3VrtN,1m4KBcN,1f3RWxF,8r8NLi5,1n2II5A,3b7JdlT
1r7ZO2F,6m1ONhV,1m7SFz5,3g7Iul2,9i6Bs9S,0w7Z0nT
8e4Xs1E,6h9FMpN,3v5S6uD,9w5QNxN,0o8QY4C,6e8MrfG
1s8BwtR,3f6YxdX,9c0Qx60,9t6Rc0R,4b6C1xG,8m7NNn5
3j3J4f1,4t7SSmA,4n4MFc7,6b3Nf5L,1c8ESxF,0q2LUzJ
0b7OghC,8b1Ye9F,0f9XVnM,8y4EOoE,7q8Wka4,7x6MaqQ
1g7Q2qO,7o4EGm7,4f7Qgg2,5y1T8vW,3y8Cq1D,2t7FEjG
0s0AuqS,8p9DIoW,6d1DrvU,4l9Nzg7,1v2Nz87,7a9Gkm9
5z2PsfN,0k3SXeA,5c2YBfX,8z5XNn0,5x6DyoC,1m3KEz7
1z9YBc2,0c6SshM,0u6SHuA,4d0QywG,8f3NDpA,1c0H3eW
4x3H2yB,3g1F8vP,8x6PFaI,2o2Tvj0,9b3U5oC,0t9Asi1
8m2WWe2,0z7UXp5,3j7YLlU,6q3MGw2,9d0GhiF,2e0USxQ
7d5VhdD,3m3QszC,7m7Qd7T,5y4VIiF,1u2NrxD,2w9Rgg2
8b3Af3E,7s0StbW,9h3ZLiK,2u5Es18,2r4L6uY,5r3VCkZ
7d9MKkR,7e6HD20,1w6P08G,1q6O2oS,1g0JUi4,2u3RmkP
6v4BLw2,5t8It8L,3e5Kwi4,2q7WCgG,5b0N5nW,6h9ZSvX
3c9IYiF,9g7Bya7,9c4KOyC,7w3LF56,8m0Q7oN,5z5GE6C
3s7ZL0E,0r6FteY,8q3Vy4I,4c0Ra6S,3y9UOsX,7a0GWxB
7u7G9oI,3q1IvaI,8e3Pgc1,3l3UIu5,5j3Ftd0,9t8LP5K
2t3IC3E,7y3Y6aP,6y8YJ8I,3f6TC3M,6q5Bfs3,2k2Y6dW
7g5E6aH,9d7IJh3,0m7WSjS,8o0HWz5,4o7KujU,2o6PfeU
7p0IZo1,2h9KmnW,0a7NzlS,9d2HsdK,2l1CbwQ,1d9KB2E
8f8PibB,2q8XudC,2h7S1hV,3n5Cds1,2y4SCe8,5z8Gmy0
6o0BnaK,8h2BqgO,3z5ODn9,2q8Ovh2,3i8JcpB,1l3I293
3c1ARs2,2s8GT19,8t9Oi20,1a8C3oL,4a8JTh7,3c5WM0F
2f0KkcZ,4e1OPg2,4d1P9tK,3z5UliZ,7x7IWl6,2p7WQ40
9p2NC76,2n7NKgV,5v3VHpK,3d1A6aM,2y7FmfV,5n5XBb9
8o1TsgR,3f8SEjM,5s1PGyL,2q7XbjA,7m8HW65,8k1EkzJ
6i6BYaR,2u2SJ9N,1z6VK3X,9y4IUwW,2u7LepG,3v0TgyS
5c2IslD,4m7TxvE,7l3MTqY,0w7QPdO,2u3QSaE,9l6I3aD
8j1U0hK,4w8NNvA,9c4FaeY,9p7C1x0,5w5UW99,9j0N65O
2c9XBlG,5y9MphR,0r6F0m6,7z3XccL,4h3SEyM,4t7CEp1
2i6E7cB,9r5CBgX,8u2H4dY,8v7PEh8,0l3Vn52,5q3WJ1N
6a4UryX,0s2Io3I,9n6Sh4D,0r2BFg3,3z9C1cZ,3i8OVaE
3r3IPbG,4u1VIz2,2b8HHx8,1g4Iup5,5i4EKdY,0t6EWy6
8a8K3fS,1g4R637,1d7LCqN,7q0SvfR,1f9OW1I,6m4Ti5R
4d1KCzB,4k6HNzV,1q1Iwr1,4w1PxlW,3u3T271,8g8UUe2
0i6UDwB,3l7GGl4,5l9BuxC,3k6Xma6,9s4IUzJ,7f6VKwI
8n7IRsE,1c0AukW,7z7DiyQ,3u4NC6L,4x8QwkV,2z4BAxF
6d2Pd8K,2y6SWa1,2h2KwpS,3c3BXjM,9m8ELwV,7n7SlzY
1v0WwrC,6n6IK4Q,7s7QWc5,1f4Rux3,4x0Lzv1,7f9UbvD
1b5Mpe3,5j3SXeG,0p7NTnW,6b6SAeC,9x3EPdS,4y3UQs4
2p5PB3N,8q5S60T,0w4EhnA,6i3VypA,5l8L7c6,1b9CQfC
0z7Oo3S,1f1Boq4,5w6Ssl5,9h1JZtG,7k0HliF,4h8M8nW
5z2Zg07,2b8JugP,7h8K3qV,6k4GJhV,0z3Fct3,0i0Hp7P
8b1PW49,8n4GLz4,1w4GwgV,4v7E512,8z4PV5U,7t7RBrC
2l8MnmF,4d6Yar3,9w9NvdM,1c5Ppt0,3b1BU3R,8h8Jqw9
4g4KTkT,7a2GN1X,4c6Db60,7m5Uw95,9f2TL0F,9p9ZirQ
4p4Up7E,0u6L53W,8r3RBg0,7a3Ym06,0p5Oq8U,5a6VhgL
4e2Yk7U,9y8E08Y,1t8AZx6,7g4BVdH,4m3TQd0,3b7Jf6K
6b9LWaB,3i2Xlz7,8q6StrH,0n5ZhhW,2g3IYmG,4o9Ea8K
7l6P1fH,5h0NfuK,4k2JWo5,6y8MEaW,4x9Wdv2,4w4H1uE
8r7XG7C,2o9Q45J,7c4UG35,1j0C7xX,3b6XGnM,8y8JO64
9w2IJp0,7p2TGgK,2h1Tjw3,9o6Z0vV,2w7M19D,0a2Anv9
5x5Nk7N,3u3Mo0F,6f6EOmE,7r7DonN,7c8C6kR,0z1Vc62
1i4TugI,5y6BYeO,3n1EcxG,9l0OJq3,2k8GzjK,2f5V5hH
2m6SD59,2q6OQf2,6m4Gu66,0j0CRuP,1h3EupW,5u4ZWxN
9i4Tqe0,4b6CQkT,9t9Nu7O,6n0X4nU,2z6Z8zQ,7o2ImkY
1f5XY1A,2z8BLl2,3g1NPx0,5r4Sic5,1o2NA6I,6r9EaqC
9v6BbxP,1b3Xo67,3m8Hnj6,5a7EWm3,5v9SZsN,1n2G9h7
8o5QkkD,5g6LXs7,7l6JRiL,4e7H5vL,9u2Vrm6,8o2IuhQ
1d5NU4R,0x3OTs9,5k0N3aS,7k9JrnH,8r7AuaA,8o7NVjC
2w5Wh09,5a8KTeD,3e4FJi8,7y4X7mE,7j2HL6H,8v2V6cL
0b1Tun4,8f6TytT,9a3N2z8,0n4FioQ,7u4UwlK,5g6XpsN
2f2N0v0,3b6Mb9I,5p4Vwi3,4y7UEsD,2i1Pbk1,8v6M9iS
1j0Qi88,0d8M6mH,3z4NcrD,8l4TWnF,3q7WFk5,1p7Wm18
5d5Gjr3,6e3Hp0I,0a3HlbP,0x3SKeN,6l1VBa9,2a4JibU
8m2FR76,5q2Z0xN,1o1FJyI,2a1LBxG,1n6XYkD,7z4QJ7Q
4v3Ckj1,6n5QC2K,3k0BlkD,1f9UCxE,9p8W4l3,6t8AxlN
6q3YV8A,7z1CLyL,4x8Xjz9,9o6ClnA,4o6IfuY,0g4EUqF
5j8SW9H,5r5Xv5H,1k8FY10,4z2QknK,5a2IHhW,5e7OKmZ
9u9Er6O,3b7BNpX,7q8HXdL,4b3CqjF,2p7RT65,1u2KhgH
8i9M8xF,6y9So8L,7c1SybG,1v9D0z6,1x7OIpV,7d8SGw9
5b5R2oL,2p4D8fE,2t6OFzX,6r3HPv5,9z9Hiv0,9h3Pj1P
4d9AKs1,7c3KNn5,5b2FLpQ,2c0FxmR,5n2O3o1,2x3UCnB
1y3ZopJ,9g9GtoD,1x2A2i2,2b8SUpY,0s5GG7Y,3u8MyeM
1e9IpzC,1f5L3rF,5b3I2kC,8z4QZtT,1y4Ge1Y,0a4Rsg9
1n7EY5B,6y3DDlO,8h1U11V,5g5F7xY,4x5OL3Y,0l6FQ5H
0c5Fe7E,7q2NT63,4t5BduP,9j3MPaA,1p5RPcL,0v0ZplZ
4s2Vqu1,9p9PwoY,9j3A3dF,3v7UeuZ,4h5Ul8V,0l7Y689
0t9SHfU,7i4C5oK,7g7Qc9P,3s9E9g9,0u4YMxL,6f6L609
8k0BKmY,8c9Ska1,5v5LNfO,4h3Djl4,8n6OofW,4j9JDlN
8j9Wc6G,1z4GQo5,8c9CY9N,8j7YI0N,3i5NigN,6r4N62N
8p5RnwJ,1q1Nop8,8m7A7fD,7h3TvzQ,3h2Wjv7,2z1MzbG
3o6A7iA,1y4Z0nL,5g3RrmF,0o3CL3R,7f2UGr7,6h6DfpI
7f0OihE,2b6NN7V,3u8GG3Q,7j5QYoV,2s2Ex03,0r4VW4K
5c2FRhH,6t1S9cF,3f3YAeR,9i6COx1,1g4USd6,9m3HHl0
7o4GXjG,4x8BW0N,8q4Yy5B,8w6Q1q7,7p0Qm4U,0g8POiE
5o3GwkF,5v0NgcN,2x5Tb3H,5k4O61R,7h0E9vN,4v0OPaO
2b8Fb9S,1p3MH7O,6x8FL3H,1a8YLiQ,1n2WBr6,9z1Pc1W
0x7C7eQ,4p2OPxL,8z3BYyW,2g8Iz9H,5y5CTiB,4t0HObF
0y4O3vM,3a5COeQ,3i6MJp0,8v7Bl1F,2e8OLjF,9z7ZizY
8n8PF3N,3x8WhyC,0r2T8rT,7j8A42C,2u9UbaB,7v2G1xI
2p3G52X,2c6NN70,6d3GKlQ,1e9Rng2,5m8FMpA,7l9Ci0W
7i2D99P,6m6TO6Z,3j1MUtB,5r5WacB,7g2A6k7,7l0BqnR
5q9W6hS,5j6X8rE,1c5AtrR,7d9UBt5,5b0M7dF,0g8TYhG
7q4LMeM,0u4SI9V,1b6OT4F,7j2Kf0Q,9c4XX6O,4t5Y1yW
1l8QhtV,6b2KkcA,0k6GymZ,1j8FN5M,9y1HY0D,6e4TY77
3v7HPbI,0g8JPrE,0p0AQ0M,1x1ZU4R,1i1Pna0,0c3UboG
8r5PGcW,0l3JOq8,0a7IlfA,0e6OkuG,5b9RlxH,7u2BTyD
0g2QSv4,6y8DP7O,8w4I1cK,6t7Bbm1,3b2J4a7,4a6ICb1
9w2PS6G,7u1LclE,7i4QV1O,1l1H69W,6b3IMz6,6w1M197
8v2Hd6U,5l7Mrz0,7a1F4r1,2u2LPbL,9h6Z3tU,6a8Qk9B
3l7WRpM,5b3J0e4,9o5DFxO,2x2GujW,7w4DukA,6y5N81O
3r3K6rX,4g0Ir67,1m5FCh7,0n5FovW,8x9A5e3,6j3Q84V
9k5XK1B,6z0AciV,0r6Aa4R,8j6BghI,9z1CLnH,9q3QSdE
0q6Mis8,0l8CQj7,0b3BOnD,9j6Aau5,8l4DbdC,2n9SVr9
9j3Z3oS,6e3FTuX,7a1A4aQ,4g7U4nQ,4m2QKmC,3h5ZHaI
4r8R5bF,3w4LeuB,4j0QgzN,1b0NFfS,1m5B9oX,9u5JStO
4b6CHyF,5q3LCtX,1m9WfuZ,9d7Q8s2,1l4Egb2,6w5W7y6
2e4TYkN,6c3Tl21,0e4VwdC,3l7Jp3H,4c7VqxP,2w3XuhV
0j0Fw7Y,3s8EDlG,3g0TDyF,6x1MgeA,9f4GYdD,7h4KcxT
2z6QfpW,2l4DFbC,0g8J9pD,5q6L6gP,1l6Vb9Q,4w2W64A
1s5WUgS,8c1ER78,1z9NXcS,9i7KlaL,6b0Gy8K,4y5RVc2
0t1KB3L,4l2SgzO,1s7YGlU,4t1X52B,8x5RkvU,2h7Ckx3
3b5XJy0,6m9ZBw7,5p6RdlN,3s3TnkH,6t8AK26,4g0J1nN
7p3IOuK,8u6CXj7,9s1VriE,4y3Ocn9,8c8Jb1P,6e2BIuZ
4p4OwyP,7d3JWn6,9z9KrmO,4x1WD3G,4t6Wdl3,7j3A5lR
8q0OC9N,6c8ZvkE,5q6HdzZ,5i9MBqP,4q7GGh9,0s1HCtA
1z8DGeY,4u3GRqS,4m9W8yV,3u5T9eS,2f8Jgt5,2z4GosY
0f8Cm2N,2o8Mr5X,4s4Jud1,8w8AVgF,3y1Tt59,8n2B8cH
4v7JPkA,5m4Bs6I,0e0LFaL,3n6EX8N,1i5LHs6,2v5UDjW
3s5MUd1,3b2Ugk5,6e8CokW,0f9GdoJ,0h1OZdJ,8n2MFrK
8a8GL8B,1n9Ko1P,6h3KDoF,9c1SgaK,2r8Rdu0,5w4K9tS
5b1NKuW,0t3ILgU,0d3FHeZ,6b7LLv2,7d2G49T,6f9DDy6
1a3CAv7,4s1BKm4,5e4Ml5T,8w8Ujd0,3i5ElzK,8v0XVjD
1e6Ijk3,6o6Ty0K,1x0BM93,5b4HTj9,7a4AepS,8a3KMvW
2m9UelI,1h7M85R,9m4LtaE,3p3KB33,1l5AJtN,8s8PpaU
0u5M2o7,8s3Qq21,7w7CqeP,0i9H3jB,4h8BPg2,7x6MRcX
5r9JZdS,1i4RKxA,1g1JZ03,8h6XXkP,1q7Tsl6,4y7Lrh8
6g7UlqH,9h5WYhH,4a1WyiX,1t5Vs8I,5q9Wky3,0h4VwpH
4o8Zx9W,5n0Jw9W,2w6WH8E,2e6JR4P,0s4Rcv9,4e5L386
1v9UMb5,7i2Ny63,6s1D7uF,0g4DPdQ,3b8I2sP,3j8VhtC
8z2VbaW,6z3A85C,1j6NFbL,5x3VNs5,1k2E8x9,3f1MDu5
2c8XZ79,2u9BX0V,0d9IH1I,1e9Gd0B,3e9BRlF,7s6ZlnP
2r1Fxt5,8a4Go0L,2x6NZeN,9w5LHu4,6z1Onk1,1g4Caj9
1w2CC9Q,0g3Nz70,6d5KC6V,0f1LQuF,6q1P90I,7u3XtzI
3s2LP15,4i8NHyA,0u6Bld1,4m2Jv49,0i2Ej75,2p8Eq8L
3o6JP4P,0e6SY7E,1f0AL38,7y4GA7Y,8w4UnpK,1j4JN7H
4g1DKzG,9j6Y8sQ,3n3ATgA,0g8AKk1,0t3LrdV,6p6Mj2H
3u6TFn1,1m7ZJ77,2j9H0r5,9i8Sm2S,3j9CV2H,5p3K1xS
5r2WmmU,1w6YkgX,0y4QT5R,2p7Qkn0,4w6VHkC,4i6GkgG
1q8DhgT,1d8JQ42,5e6NUiV,0h3VlqD,2s0I8jB,3g0TpyW
1m5Kk13,5p6XJnU,1k6K8p7,9c9WGxO,8n4J1nB,4n5Gzt3
4r2R5p7,4o7WPh2,1i9BUoQ,4y3Xm0O,5e6Wat9,9o7Z9bL
4o5XY9M,5k0RCqI,9r5A3aV,5r2BUmZ,9t0Gh1E,2d6TBnO
6a8T1b5,7f7FO51,9y9P7xJ,2z5XEsE,5n9BJdY,4j9TQiH
0k8Ggd8,7c6EmvH,2r3QQdE,2t8CU02,0b8Q2oO,4y7SdmF
4f2FHtF,6f2RwgZ,9n4Uf1E,6g1J13B,2k3JwyQ,6i9K6kM
9t9LXeH,3u0XFuV,6m6Mvz8,4q1GerW,2i2G4wB,0x5C6j1
7f5IbhO,9l6Es2N,1q1P75X,9h7FafR,6h8SroC,2p1ROdO
4p7QupT,6w5XhuP,2p0EWe2,0z2UBj8,1j0WMbQ,0n1YpwI
6k7RKgS,1n5OTfH,6a4WCgB,6k2Ls72,8c3W1yL,4x0Eip8
4g2Y9sR,7p9NItJ,0i2S4mK,5f5JIh7,8v2Kng8,8v5EHhR
2v2Vrj5,6t8XO6D,5m7BaxN,5k5XPi5,3f1Cb81,8p0EM9G
8m0JwhD,9u4Do95,7g5Uz23,0k2BHlU,3e7VR6H,8y9NUy0
8a8YKr1,2o2GTdD,1k6Utg8,2c1UdhT,7q7AD30,3d6X04B
3p3Io8S,6w7QzvR,2p3HTqG,9e2Of92,6v0Rf1G,7z6KubO
5j5DhaA,1m3ONiD,3c9TtoL,2l6EWo0,6p9CwkM,4x6EX3O
1d6IRnT,5g3FU2M,4k9Swm0,1r9GfdV,7z9OXiJ,1b0CK6Q
0w3NDyZ,0n1TnlN,1h1SGvY,2c1RpgD,4o7EB2B,5y5YGtZ
6v6XQhJ,0m8Mx81,4q3Po9E,5t7EoyF,5o0Rm2A,9x4X5bX
4p8Bv2Z,2m6ZH9W,5n2BW05,1g7WWc4,1n4ZCz8,0i8IYqJ
6i8SIdX,6b1XRnS,1n5RJv0,6b2KSzO,6g2EvxS,6w2NLuF
3g1LkzK,3m9Spq5,4b1Ie46,0z8AkhE,7i2Siz7,7z4LdlF
2n1Jdx3,0x5YvhW,9c0Rg6N,0q6WYvV,6k2UUlZ,3f3ROpT
0k7LvqI,5a8Jk3N,0x7NV8N,8j8CU3G,7z3VY4E,7k6THeT
2g8AaoI,2x2BY87,4l0ArjO,8a9FIeG,6t0ZmaL,3d1WAz7
9w4LiaW,3i1VzxH,4f4IWrM,2j0ULyZ,7z9ElxW,0r7EQm0
4d8UJgN,0d8QJ2W,4g3PClC,6c7JMiH,9s1AdbR,6l0XbkP
2r1BIoN,8b2LphE,3n8OulX,2f8Tci4,2d8HYj9,8z7Rbx8
4p7H0eB,2o2Qa3S,0o3Vlj4,9y3B2kL,1m0Glj3,1g1Ec07
8z0Zt8P,0d9KvyK,0m9QexX,2m7MujZ,1q1Pr90,7n1WeaC
2k7CUp9,7t1X57J,8m1DLa5,4f1RV04,0f9Dab9,9i0Ygz5
8s5O74X,7p7POmS,0u1Jp44,1a9XSj1,3c9U0sC,1d5Oad5
0c5GyfY,4w6LRg1,0y6KAwO,8k9TPz3,5t1JziK,3a0YIkX
3a6E7w7,0c9Cn7C,9n0M9kG,0j3PSi4,5c0I5oN,1k0UY0E
5z0T619,1l5EP61,0p9YmfC,0r1WIp9,7j4PZbG,6r0Mk4Y
6i4NZ49,7y7JA3E,8r7D8qO,9j0AppG,6u4TMv4,5k5Ri03
4k5Q652,8d4Co01,7q8VCo0,9d7V4bK,8y8ODu0,7u3Qqn9
2a6SReV,7o4A2i6,6u0Dej4,3o9WNfP,7p3EZvA,7z7BU3D
7w8FOq0,0l8Lj2D,4v0AakK,0m5ZufB,5x1NiyO,1b2HE4M
4h7R46P,1v6RM3R,3a2TBtT,8v4DNqR,6z5I8rD,2l5Sst9
6p9IqnY,5k3Q3v4,0g9Kq4U,9p0EKtR,2x5DFoR,4l7Ex6X
3s1ClhB,8f5WizV,4q8AWhP,5j6YW38,9y4ZbqA,9r6J99I
7s5Hq73,0w0OHj1,4k8V4yX,1q7WGk2,0p7YIiA,7m1Us9A
9e7UUx7,8c9JytV,3v6WPzM,2o5ZQiH,5x9UuzK,7y4IFyW
5d8O51S,8f9Ugz2,1j9J3eY,2d0Dr5J,3u0CQ7O,1y8CuaB
2h1YE8H,1k1MI8J,6x6LenX,4g8PGg5,8n8Pq32,2b6OEcP
7c9DfzS,9g9NzlP,1w4EgkE,3l2At98,1y7S7zY,6s7ZU4K
7t8GqrL,9y9Lu3T,9f7S40A,8n7PLyG,1q9BauY,4f9XRp6
1v8VlfE,8s1XroS,3u8FOwB,9u8ETmT,2z3ZayW,1a0FCpB
4p6AW06,5a1AGlI,5l1LFgN,9i7YHvU,9e4JhtH,7x6BJgJ
1j5XxjV,4v4ZQ7S,3d6PjfA,3r3Qtf3,7w1Y2jT,4i7Qt9O
6k4PFk5,4r3ZveD,8k2JIjK,2w3RHe2,5j6LgjA,6t2XG45
4o4U4tN,5g0MFfY,4v3ITrW,4k5Ah44,1z6XjyQ,5w1RVhH
6g7NSdB,4h4XPsM,3h1P9x0,6w3HGvA,5j5Ao2S,5y9NhaE
5n6N9yA,1o8Vrj4,6x5UD1P,4z0SEgJ,5x9NAcR,3e2YPc1
8x4COmY,6e0DvhA,3m1JzzI,4a1DLkT,0t7PBm7,2t0U5wG
8z9J3o7,6n5GzgG,6m1XqjB,0b0C5e1,4h1TxvG,8u4N09D
